"Virtual Machine","Status","Target","Replication Server","Protection Group","Configured Disks","Auto-replicate New Disks","Managed By","Quiescing","Network Compression","Encryption","Datastore","Storage Policy","Last Instance Sync Point","Last Sync Duration","Last Sync Size","Lag Time","RPO","Current RPO Violation","Points In Time"
"BMAS_FDS-APJ_APP_CBR-98","OK","192.168.191.26","FDS-VREP-RMP-26","","2 of 2","Enabled","VR","Disabled","Enabled","Disabled","vsanmasinaRMP","Datastore Default","Jun 19, 2026","2 minutes and 16 seconds","375.56 MB","1 hour, 16 minutes and 32 seconds","8 hours","0 seconds","Disabled"
"BMAS_FDS-APJ_ETL_DB_CBR.99","OK","192.168.191.26","FDS-VREP-RMP-26","","2 of 2","Enabled","VR","Disabled","Enabled","Disabled","vsanmasinaRMP","Datastore Default","Jun 19, 2026","48 seconds","10.27 MB","3 seconds","5 minutes","0 seconds","Disabled"
"BMAS_PAC_APPS_37_DC","OK","192.168.191.26","FDS-VREP-RMP-26","","2 of 2","Enabled","VR","Disabled","Enabled","Disabled","vsanmasinaRMP","Datastore Default","Jun 19, 2026","41 seconds","847.14 MB","1 hour, 35 minutes and 5 seconds","8 hours","0 seconds","Disabled"
"BMAS_PAC_COB_45_DC","OK","192.168.191.26","FDS-VREP-RMP-26","","1 of 1","Enabled","VR","Disabled","Enabled","Disabled","vsanmasinaRMP","Datastore Default","Jun 19, 2026","0 seconds","3.77 MB","2 hours, 16 minutes and 51 seconds","8 hours","0 seconds","Disabled"
"BMAS_PAC_DB_19_DC","Incremental Sync","192.168.191.26","FDS-VREP-RMP-26","","7 of 7","Enabled","VR","Disabled","Enabled","Disabled","vsanmasinaRMP","Datastore Default","Jun 19, 2026","2 minutes and 47 seconds","453.77 MB","1 minute and 19 seconds","5 minutes","0 seconds","Disabled"
"BMAS_PAC_DB_SLAVE_22_DC","Incremental Sync","192.168.191.26","FDS-VREP-RMP-26","","8 of 8","Enabled","VR","Disabled","Enabled","Disabled","vsanmasinaRMP","Datastore Default","Jun 19, 2026","36 seconds","708.6 MB","1 minute and 55 seconds","5 minutes","0 seconds","Disabled"
"BMAS_PAC_EDC_46_DC","OK","192.168.191.26","FDS-VREP-RMP-26","","1 of 1","Enabled","VR","Disabled","Enabled","Disabled","vsanmasinaRMP","Datastore Default","Jun 19, 2026","1 second","1.34 MB","4 hours, 17 minutes and 6 seconds","8 hours","0 seconds","Disabled"
"BMAS_PAC_FTP_62_DC","OK","192.168.191.26","FDS-VREP-RMP-26","","6 of 6","Enabled","VR","Disabled","Enabled","Disabled","vsanmasinaRMP","Datastore Default","Jun 19, 2026","2 hours, 5 minutes and 45 seconds","196.89 GB","5 hours, 1 minute and 33 seconds","8 hours","0 seconds","Disabled"
"BMAS_PAC_IACSS_36_DC","OK","192.168.191.26","FDS-VREP-RMP-26","","1 of 1","Enabled","VR","Disabled","Enabled","Disabled","vsanmasinaRMP","Datastore Default","Jun 19, 2026","4 seconds","53.9 MB","43 minutes and 29 seconds","8 hours","0 seconds","Disabled"
"BMAS_PAC_IGATE_35_DC","OK","192.168.191.26","FDS-VREP-RMP-26","","4 of 4","Enabled","VR","Disabled","Enabled","Disabled","vsanmasinaRMP","Datastore Default","Jun 19, 2026","8 minutes and 57 seconds","3.32 GB","29 minutes and 13 seconds","8 hours","0 seconds","Disabled"
"BMAS_PAC_LAKUPANDAI_38_DC","Not Active (RPO Violation)","192.168.191.26","FDS-VREP-RMP-26","","1 of 1","Enabled","VR","Disabled","Enabled","Disabled","vsanmasinaRMP","Datastore Default","Apr 28, 2026","2 seconds","3.9 MB","1241 hours, 47 minutes and 37 seconds","8 hours","1161 hours and 39 minutes","Disabled"
"BMAS_PAC_LOS_59_DC","OK","192.168.191.26","FDS-VREP-RMP-26","","2 of 2","Enabled","VR","Disabled","Enabled","Disabled","vsanmasinaRMP","Datastore Default","Jun 19, 2026","3 seconds","848 KB","1 minute and 19 seconds","8 hours","0 seconds","Disabled"
"BMAS_PAC_MIDSERVICE_43","OK","192.168.191.26","FDS-VREP-RMP-26","","1 of 1","Enabled","VR","Disabled","Enabled","Disabled","vsanmasinaRMP","Datastore Default","Jun 19, 2026","6 seconds","135.63 MB","1 hour, 49 minutes and 55 seconds","8 hours","0 seconds","Disabled"
"BMAS_PAC_RECONCILE_61_DC","OK","192.168.191.26","FDS-VREP-RMP-26","","1 of 1","Enabled","VR","Disabled","Enabled","Disabled","vsanmasinaRMP","Datastore Default","Jun 19, 2026","2 seconds","3.95 MB","4 minutes and 50 seconds","8 hours","0 seconds","Disabled"
"BMAS_PAC_SCANNER_114_DC","OK","192.168.191.26","FDS-VREP-RMP-26","","1 of 1","Enabled","VR","Disabled","Enabled","Disabled","vsanmasinaRMP","Datastore Default","Jun 19, 2026","6 seconds","18.69 MB","4 minutes and 32 seconds","8 hours","0 seconds","Disabled"
"BMAS_PAC_SSL_3_DC","OK","192.168.191.26","FDS-VREP-RMP-26","","1 of 1","Enabled","VR","Disabled","Enabled","Disabled","vsanmasinaRMP","Datastore Default","Jun 19, 2026","2 seconds","15.49 MB","2 hours, 40 minutes and 34 seconds","8 hours","0 seconds","Disabled"
"BMAS_PAC_WEBADMIN_51_DC","OK","192.168.191.26","FDS-VREP-RMP-26","","5 of 5","Enabled","VR","Disabled","Enabled","Disabled","vsanmasinaRMP","Datastore Default","Jun 19, 2026","6 seconds","22.06 MB","40 minutes and 53 seconds","8 hours","0 seconds","Disabled"
"BMAS_PAC_WSO2_42_DC","OK","192.168.191.26","FDS-VREP-RMP-26","","1 of 1","Enabled","VR","Disabled","Enabled","Disabled","vsanmasinaRMP","Datastore Default","Jun 19, 2026","1 minute and 59 seconds","1.82 MB","1 hour, 25 minutes and 12 seconds","8 hours","0 seconds","Disabled"
"DWH-KLSL-BUCKET.167","OK","192.168.191.26","FDS-VREP-RMP-26","","2 of 2","Enabled","VR","Disabled","Enabled","Disabled","vsanDatastore-RMP","Datastore Default","Jun 19, 2026","5 seconds","20.93 MB","2 hours, 52 minutes and 59 seconds","8 hours","0 seconds","Disabled"
"DWH-KLSL-DB-DM.165","Incremental Sync (RPO Violation)","192.168.191.26","FDS-VREP-RMP-26","","6 of 6","Enabled","VR","Disabled","Enabled","Disabled","vsanDatastore-RMP","Datastore Default","Jun 19, 2026","8 minutes and 29 seconds","2.93 GB","10 minutes and 45 seconds","5 minutes","3 minutes","Disabled"
"DWH-KLSL-DB.164","Incremental Sync","192.168.191.26","FDS-VREP-RMP-26","","11 of 11","Enabled","VR","Disabled","Enabled","Disabled","vsanDatastore-RMP","Datastore Default","Jun 19, 2026","25 seconds","94.43 MB","?","5 minutes","0 seconds","Disabled"
"DWH-KLSL-ENGINE.166","OK","192.168.191.26","FDS-VREP-RMP-26","","2 of 2","Enabled","VR","Disabled","Enabled","Disabled","vsanDatastore-RMP","Datastore Default","Jun 19, 2026","49 seconds","48.89 MB","3 hours, 41 minutes and 59 seconds","8 hours","0 seconds","Disabled"
"DWH-KLSL-MANAGER.162.","OK","192.168.191.26","FDS-VREP-RMP-26","","2 of 2","Enabled","VR","Disabled","Enabled","Disabled","vsanDatastore-RMP","Datastore Default","Jun 19, 2026","2 minutes and 7 seconds","383.32 MB","2 hours, 10 minutes and 5 seconds","8 hours","0 seconds","Disabled"
"DWH-KLSL-REPORT.163","OK","192.168.191.26","FDS-VREP-RMP-26","","2 of 2","Enabled","VR","Disabled","Enabled","Disabled","vsanDatastore-RMP","Datastore Default","Jun 19, 2026","9 seconds","228.06 MB","2 hours, 34 minutes and 40 seconds","8 hours","0 seconds","Disabled"
"FDBG_FDS_T24_CHN1-134","OK","192.168.191.26","FDS-VREP-RMP-26","","2 of 2","Enabled","VR","Disabled","Enabled","Disabled","vsanmasinaRMP","Datastore Default","Jun 19, 2026","7 seconds","41.36 MB","8 minutes and 12 seconds","1 hour","0 seconds","Disabled"
"FDBG_FDS_T24_CHN2-135","OK","192.168.191.26","FDS-VREP-RMP-26","","2 of 2","Enabled","VR","Disabled","Enabled","Disabled","vsanmasinaRMP","Datastore Default","Jun 19, 2026","2 minutes and 8 seconds","82.2 MB","22 minutes and 13 seconds","1 hour","0 seconds","Disabled"
"FDBG_FDS_T24_LB-143","OK","192.168.191.26","FDS-VREP-RMP-26","","1 of 1","Enabled","VR","Disabled","Enabled","Disabled","vsanmasinaRMP","Datastore Default","Jun 19, 2026","4 seconds","20.12 MB","31 minutes and 52 seconds","1 hour","0 seconds","Disabled"
"FDBG_FDS_T24_SIGVER-144","OK","192.168.191.26","FDS-VREP-RMP-26","","9 of 9","Enabled","VR","Disabled","Enabled","Disabled","vsanmasinaRMP","Datastore Default","Jun 19, 2026","45 seconds","558.55 MB","11 minutes and 12 seconds","30 minutes","0 seconds","Disabled"
"FDBG_FDS_T24_SWFLOS-145","OK","192.168.191.26","FDS-VREP-RMP-26","","2 of 2","Enabled","VR","Disabled","Enabled","Disabled","vsanmasinaRMP","Datastore Default","Jun 19, 2026","4 seconds","11.79 MB","22 minutes and 34 seconds","1 hour","0 seconds","Disabled"
"FDBG_FDS_T24_TAFJ1-130","OK","192.168.191.26","FDS-VREP-RMP-26","","4 of 4","Enabled","VR","Disabled","Enabled","Disabled","vsanmasinaRMP","Datastore Default","Jun 19, 2026","37 seconds","59.46 MB","20 minutes and 14 seconds","30 minutes","0 seconds","Disabled"
"FDBG_FDS_T24_TAFJ2-131","OK","192.168.191.26","FDS-VREP-RMP-26","","3 of 3","Enabled","VR","Disabled","Enabled","Disabled","vsanmasinaRMP","Datastore Default","Jun 19, 2026","1 minute and 1 second","13.08 MB","10 seconds","30 minutes","0 seconds","Disabled"
"FDBG_FDS_T24_WEB-138","OK","192.168.191.26","FDS-VREP-RMP-26","","2 of 2","Enabled","VR","Disabled","Enabled","Disabled","vsanmasinaRMP","Datastore Default","Jun 19, 2026","2 seconds","1.38 MB","5 minutes and 4 seconds","1 hour","0 seconds","Disabled"
"FDBG_PAC_ELK-126-old","OK","192.168.191.26","FDS-VREP-RMP-26","","5 of 5","Enabled","VR","Disabled","Enabled","Disabled","vsanmasinaRMP","Datastore Default","Jun 19, 2026","4 seconds","4.71 MB","3 hours, 59 minutes and 11 seconds","8 hours","0 seconds","Disabled"
"FDBG_PAC_LOS_KPT-69","OK","192.168.191.26","FDS-VREP-RMP-26","","2 of 2","Enabled","VR","Disabled","Enabled","Disabled","vsanmasinaRMP","Datastore Default","Jun 19, 2026","2 seconds","16.27 MB","4 hours, 16 minutes and 33 seconds","8 hours","0 seconds","Disabled"
"FDBG_PAC_LOS_MULTICORE-68","OK","192.168.191.26","FDS-VREP-RMP-26","","2 of 2","Enabled","VR","Disabled","Enabled","Disabled","vsanmasinaRMP","Datastore Default","Jun 19, 2026","2 seconds","3.82 MB","1 minute and 55 seconds","8 hours","0 seconds","Disabled"
"FDBG_PAC_LOS_MULTICORE_FTP-6","OK","192.168.191.26","FDS-VREP-RMP-26","","2 of 2","Enabled","VR","Disabled","Enabled","Disabled","vsanmasinaRMP","Datastore Default","Jun 19, 2026","2 minutes and 8 seconds","14.88 MB","2 hours, 40 minutes and 17 seconds","8 hours","0 seconds","Disabled"
"FDBG_PAC_VICALL_OOB","OK","192.168.191.26","FDS-VREP-RMP-26","","2 of 2","Enabled","VR","Disabled","Enabled","Disabled","vsanmasinaRMP","Datastore Default","Jun 19, 2026","7 seconds","16.07 MB","44 minutes and 11 seconds","8 hours","0 seconds","Disabled"
"FDBG_PAC_Xforce_ELK.","OK","192.168.191.26","FDS-VREP-RMP-26","","1 of 1","Enabled","VR","Disabled","Enabled","Disabled","vsanmasinaRMP","Datastore Default","Jun 19, 2026","11 minutes and 47 seconds","13.5 GB","2 hours, 5 minutes and 3 seconds","8 hours","0 seconds","Disabled"
"FDBG_PAC_Xforce_web","OK","192.168.191.26","FDS-VREP-RMP-26","","4 of 4","Enabled","VR","Disabled","Enabled","Disabled","vsanmasinaRMP","Datastore Default","Jun 19, 2026","26 seconds","641.65 MB","53 minutes and 11 seconds","8 hours","0 seconds","Disabled"
"GANESHA-ADMIN-PROXY-NEW","OK","192.168.191.26","FDS-VREP-RMP-26","","1 of 1","Enabled","VR","Disabled","Disabled","Disabled","vsanmasinaRMP","Datastore Default","Jun 19, 2026","7 seconds","38.48 MB","8 minutes and 11 seconds","8 hours","0 seconds","Disabled"
"GANESHA-CACHE-NEW","OK","192.168.191.26","FDS-VREP-RMP-26","","1 of 1","Enabled","VR","Disabled","Disabled","Disabled","vsanmasinaRMP","Datastore Default","Jun 19, 2026","36 seconds","442.05 MB","31 minutes and 55 seconds","8 hours","0 seconds","Disabled"
"GANESHA-CTL-NEW","OK","192.168.191.26","FDS-VREP-RMP-26","","1 of 1","Enabled","VR","Disabled","Disabled","Disabled","vsanmasinaRMP","Datastore Default","Jun 19, 2026","25 seconds","296.42 MB","14 minutes and 5 seconds","8 hours","0 seconds","Disabled"
"GANESHA-DB-NEW","Incremental Sync","192.168.191.26","FDS-VREP-RMP-26","","3 of 3","Enabled","VR","Disabled","Disabled","Disabled","vsanmasinaRMP","Datastore Default","Jun 19, 2026","3 seconds","13 MB","?","5 minutes","0 seconds","Disabled"
"GANESHA-DB-SLAVE-NEW","Incremental Sync","192.168.191.26","FDS-VREP-RMP-26","","3 of 3","Enabled","VR","Disabled","Disabled","Disabled","vsanmasinaRMP","Datastore Default","Jun 19, 2026","2 seconds","11.02 MB","?","5 minutes","0 seconds","Disabled"
"GANESHA-ELK-NEW","OK","192.168.191.26","FDS-VREP-RMP-26","","5 of 5","Enabled","VR","Disabled","Disabled","Disabled","vsanmasinaRMP","Datastore Default","Jun 19, 2026","5 minutes and 34 seconds","3.97 GB","16 minutes and 48 seconds","8 hours","0 seconds","Disabled"
"GANESHA-MGATE-PROXY-NEW","OK","192.168.191.26","FDS-VREP-RMP-26","","1 of 1","Enabled","VR","Disabled","Disabled","Disabled","vsanmasinaRMP","Datastore Default","Jun 19, 2026","2 seconds","39.52 MB","40 minutes and 35 seconds","8 hours","0 seconds","Disabled"
"GANESHA-SSL-NEW","OK","192.168.191.26","FDS-VREP-RMP-26","","1 of 1","Enabled","VR","Disabled","Disabled","Disabled","vsanmasinaRMP","Datastore Default","Jun 19, 2026","6 seconds","115.82 MB","28 minutes and 48 seconds","8 hours","0 seconds","Disabled"
"GANESHA-WEB-TELLER-NEW","OK","192.168.191.26","FDS-VREP-RMP-26","","1 of 1","Enabled","VR","Disabled","Disabled","Disabled","vsanmasinaRMP","Datastore Default","Jun 19, 2026","12 seconds","153.72 MB","53 minutes and 10 seconds","8 hours","0 seconds","Disabled"
"GANESHA-WN-1-NEW","OK","192.168.191.26","FDS-VREP-RMP-26","","1 of 1","Enabled","VR","Disabled","Disabled","Disabled","vsanmasinaRMP","Datastore Default","Jun 19, 2026","26 seconds","545.96 MB","1 hour, 13 minutes and 53 seconds","8 hours","0 seconds","Disabled"
"GANESHA-WN-2-NEW","OK","192.168.191.26","FDS-VREP-RMP-26","","1 of 1","Enabled","VR","Disabled","Disabled","Disabled","vsanmasinaRMP","Datastore Default","Jun 19, 2026","1 minute and 58 seconds","350.69 MB","2 hours, 33 minutes and 55 seconds","8 hours","0 seconds","Disabled"
"GANESHA-WN-3-NEW","OK","192.168.191.26","FDS-VREP-RMP-26","","1 of 1","Enabled","VR","Disabled","Disabled","Disabled","vsanmasinaRMP","Datastore Default","Jun 19, 2026","30 seconds","494.14 MB","4 hours, 5 minutes and 8 seconds","8 hours","0 seconds","Disabled"
"PDSB-CONTROL-PLANE","OK","192.168.191.26","FDS-VREP-RMP-26","","2 of 2","Enabled","VR","Disabled","Enabled","Disabled","vsanmasinaRMP","Datastore Default","Jun 19, 2026","42 seconds","765.39 MB","3 hours, 2 minutes and 9 seconds","8 hours","0 seconds","Disabled"
"PDSB-ELK","OK","192.168.191.26","FDS-VREP-RMP-26","","5 of 5","Enabled","VR","Disabled","Enabled","Disabled","vsanmasinaRMP","Datastore Default","Jun 19, 2026","20 seconds","560.61 MB","7 minutes and 41 seconds","1 hour","0 seconds","Disabled"
"PDSB-IBB","OK","192.168.191.26","FDS-VREP-RMP-26","","1 of 1","Enabled","VR","Disabled","Enabled","Disabled","vsanmasinaRMP","Datastore Default","Jun 19, 2026","0 seconds","5.98 MB","1 hour, 16 minutes and 49 seconds","8 hours","0 seconds","Disabled"
"PDSB-IBB-ADM","OK","192.168.191.26","FDS-VREP-RMP-26","","1 of 1","Enabled","VR","Disabled","Enabled","Disabled","vsanmasinaRMP","Datastore Default","Jun 19, 2026","1 minute and 59 seconds","2.49 MB","4 minutes and 14 seconds","8 hours","0 seconds","Disabled"
"PDSB-IBMB","OK","192.168.191.26","FDS-VREP-RMP-26","","1 of 1","Enabled","VR","Disabled","Enabled","Disabled","vsanmasinaRMP","Datastore Default","Jun 19, 2026","20 seconds","472.18 MB","2 hours, 22 minutes and 37 seconds","8 hours","0 seconds","Disabled"
"PDSB-IBMB-ADM","OK","192.168.191.26","FDS-VREP-RMP-26","","1 of 1","Enabled","VR","Disabled","Enabled","Disabled","vsanmasinaRMP","Datastore Default","Jun 19, 2026","2 seconds","12.82 MB","2 hours, 26 minutes and 8 seconds","8 hours","0 seconds","Disabled"
"PDSB-MGATE","OK","192.168.191.26","FDS-VREP-RMP-26","","1 of 1","Enabled","VR","Disabled","Enabled","Disabled","vsanmasinaRMP","Datastore Default","Jun 19, 2026","16 seconds","191.12 MB","19 minutes and 48 seconds","8 hours","0 seconds","Disabled"
"PDSB-PGSQL","OK","192.168.191.26","FDS-VREP-RMP-26","","5 of 5","Enabled","VR","Disabled","Enabled","Disabled","vsanmasinaRMP","Datastore Default","Jun 19, 2026","21 seconds","8.21 MB","?","5 minutes","0 seconds","Disabled"
"PDSB-PGSQL-SLAVE","Incremental Sync","192.168.191.26","FDS-VREP-RMP-26","","4 of 4","Enabled","VR","Disabled","Enabled","Disabled","vsanmasinaRMP","Datastore Default","Jun 19, 2026","3 seconds","720 KB","?","5 minutes","0 seconds","Disabled"
"PDSB-PROXY-ADM","OK","192.168.191.26","FDS-VREP-RMP-26","","1 of 1","Enabled","VR","Disabled","Enabled","Disabled","vsanmasinaRMP","Datastore Default","Jun 19, 2026","2 seconds","12.37 MB","3 hours, 20 minutes and 8 seconds","8 hours","0 seconds","Disabled"
"PDSB-PROXY-MGATE","OK","192.168.191.26","FDS-VREP-RMP-26","","1 of 1","Enabled","VR","Disabled","Enabled","Disabled","vsanmasinaRMP","Datastore Default","Jun 19, 2026","4 seconds","2.85 MB","1 minute and 19 seconds","8 hours","0 seconds","Disabled"
"PDSB-REDIS","OK","192.168.191.26","FDS-VREP-RMP-26","","1 of 1","Enabled","VR","Disabled","Enabled","Disabled","vsanmasinaRMP","Datastore Default","Jun 19, 2026","4 seconds","29.38 MB","4 hours, 31 minutes and 39 seconds","8 hours","0 seconds","Disabled"
"PDSB-SSL","OK","192.168.191.26","FDS-VREP-RMP-26","","1 of 1","Enabled","VR","Disabled","Enabled","Disabled","vsanmasinaRMP","Datastore Default","Jun 19, 2026","1 second","8.43 MB","4 hours, 13 minutes and 55 seconds","8 hours","0 seconds","Disabled"
"PDSB-VCALL","OK","192.168.191.26","FDS-VREP-RMP-26","","1 of 1","Enabled","VR","Disabled","Enabled","Disabled","vsanmasinaRMP","Datastore Default","Jun 19, 2026","2 minutes and 12 seconds","103.14 MB","52 minutes and 17 seconds","8 hours","0 seconds","Disabled"
"VFDS-KLCVNAPP-082","OK","192.168.191.26","FDS-VREP-RMP-26","","19 of 19","Enabled","VR","Disabled","Enabled","Disabled","vsanDatastore-RMP","Datastore Default","Jun 19, 2026","2 minutes and 9 seconds","525.42 MB","9 minutes and 44 seconds","30 minutes","0 seconds","Disabled"
"VFDS-KLCVNCHN-087","OK","192.168.191.26","FDS-VREP-RMP-26","","6 of 6","Enabled","VR","Disabled","Enabled","Disabled","vsanDatastore-RMP","Datastore Default","Jun 19, 2026","22 seconds","240.84 MB","19 minutes and 59 seconds","1 hour","0 seconds","Disabled"
"VFDS-KLCVNCHN-115","OK","192.168.191.26","FDS-VREP-RMP-26","","6 of 6","Enabled","VR","Disabled","Enabled","Disabled","vsanDatastore-RMP","Datastore Default","Jun 19, 2026","12 seconds","210.11 MB","37 minutes and 32 seconds","1 hour","0 seconds","Disabled"
"VFDS-KLCVNCHN-116","OK","192.168.191.26","FDS-VREP-RMP-26","","6 of 6","Enabled","VR","Disabled","Enabled","Disabled","vsanDatastore-RMP","Datastore Default","Jun 19, 2026","2 minutes and 1 second","223.33 MB","10 minutes and 2 seconds","1 hour","0 seconds","Disabled"
"VFDS-KLCVNNGX-098","OK","192.168.191.26","FDS-VREP-RMP-26","","2 of 2","Enabled","VR","Disabled","Enabled","Disabled","vsanDatastore-RMP","Datastore Default","Jun 19, 2026","4 seconds","11.27 MB","25 minutes and 47 seconds","1 hour","0 seconds","Disabled"
"VFDS-KLCVNWEB-091","OK","192.168.191.26","FDS-VREP-RMP-26","","5 of 5","Enabled","VR","Disabled","Enabled","Disabled","vsanDatastore-RMP","Datastore Default","Jun 19, 2026","2 seconds","1.13 MB","?","1 hour","0 seconds","Disabled"
"VFDS-KLSIGVER-114","OK","192.168.191.26","FDS-VREP-RMP-26","","18 of 18","Enabled","VR","Disabled","Enabled","Disabled","vsanDatastore-RMP","Datastore Default","Jun 19, 2026","3 minutes and 23 seconds","2.07 GB","29 minutes and 37 seconds","1 hour","0 seconds","Disabled"
"VFDS-KLSURNGX-100","OK","192.168.191.26","FDS-VREP-RMP-26","","2 of 2","Enabled","VR","Disabled","Enabled","Disabled","vsanDatastore-RMP","Datastore Default","Jun 19, 2026","6 seconds","1.3 MB","8 minutes and 17 seconds","1 hour","0 seconds","Disabled"
"VFDS-KLSYHAPP-083","OK","192.168.191.26","FDS-VREP-RMP-26","","8 of 8","Enabled","VR","Disabled","Enabled","Disabled","vsanDatastore-RMP","Datastore Default","Jun 19, 2026","2 minutes and 5 seconds","118.37 MB","10 minutes and 8 seconds","30 minutes","0 seconds","Disabled"
"VFDS-KLSYHCHN-088","OK","192.168.191.26","FDS-VREP-RMP-26","","5 of 5","Enabled","VR","Disabled","Enabled","Disabled","vsanDatastore-RMP","Datastore Default","Jun 19, 2026","1 minute and 29 seconds","193.87 MB","15 minutes and 32 seconds","1 hour","0 seconds","Disabled"
"VFDS-KLSYHCHN-120","OK","192.168.191.26","FDS-VREP-RMP-26","","5 of 5","Enabled","VR","Disabled","Enabled","Disabled","vsanDatastore-RMP","Datastore Default","Jun 19, 2026","13 seconds","96.29 MB","4 minutes and 37 seconds","1 hour","0 seconds","Disabled"
"VFDS-KLSYHNGX-099","OK","192.168.191.26","FDS-VREP-RMP-26","","2 of 2","Enabled","VR","Disabled","Enabled","Disabled","vsanDatastore-RMP","Datastore Default","Jun 19, 2026","2 seconds","4.3 MB","14 minutes and 2 seconds","1 hour","0 seconds","Disabled"
"VFDS-KLSYHWEB-092","OK","192.168.191.26","FDS-VREP-RMP-26","","5 of 5","Enabled","VR","Disabled","Enabled","Disabled","vsanDatastore-RMP","Datastore Default","Jun 19, 2026","45 seconds","696 KB","5 minutes and 55 seconds","1 hour","0 seconds","Disabled"
"VFDS_RHEL6.3_R10_CCBI-PROD_WEB_109","OK","192.168.191.26","FDS-VREP-RMP-26","","3 of 3","Enabled","VR","Disabled","Enabled","Disabled","datastore_ssd_bwk_rmp_5","Datastore Default","Jun 19, 2026","1 minute and 9 seconds","2.06 MB","27 minutes and 22 seconds","1 hour","0 seconds","Disabled"
"VFDS_RHEL6.5_R10_CCBI-PROD_SILEO_116","OK","192.168.191.26","FDS-VREP-RMP-26","","3 of 3","Enabled","VR","Disabled","Enabled","Disabled","datastore_ssd_bwk_rmp_5","Datastore Default","Jun 19, 2026","45 seconds","104.05 MB","50 minutes and 50 seconds","1 hour","0 seconds","Disabled"
"VFDS_RHEL6.5_R10_CCBI-PROD_SLIK_115","OK","192.168.191.26","FDS-VREP-RMP-26","","3 of 3","Enabled","VR","Disabled","Enabled","Disabled","datastore_ssd_bwk_rmp_5","Datastore Default","Jun 19, 2026","7 seconds","74.99 MB","4 minutes and 43 seconds","1 hour","0 seconds","Disabled"
"VFDS_RHEL6.5_R15_INA-PROD_APP_53","OK","192.168.191.26","FDS-VREP-RMP-26","","6 of 6","Enabled","VR","Disabled","Enabled","Disabled","vsanmasinaRMP","Datastore Default","Jun 19, 2026","38 seconds","463.26 MB","2 minutes and 3 seconds","30 minutes","0 seconds","Disabled"
"VFDS_RHEL6.5_R15_INA-PROD_CBR_41","Not Active (RPO Violation)","192.168.191.26","FDS-VREP-RMP-26","","8 of 8","Enabled","VR","Disabled","Enabled","Disabled","vsanmasinaRMP","Datastore Default","Dec 5, 2025","7 seconds","138.46 MB","4708 hours, 2 minutes and 5 seconds","3 hours","4632 hours and 53 minutes","Disabled"
"VFDS_RHEL6.5_R15_INA-PROD_CHN_58","OK","192.168.191.26","FDS-VREP-RMP-26","","2 of 2","Enabled","VR","Disabled","Enabled","Disabled","vsanmasinaRMP","Datastore Default","Jun 19, 2026","6 seconds","193.64 MB","49 minutes and 24 seconds","2 hours","0 seconds","Disabled"
"VFDS_RHEL6.5_R15_INA-PROD_CHN_59","OK","192.168.191.26","FDS-VREP-RMP-26","","2 of 2","Enabled","VR","Disabled","Enabled","Disabled","vsanmasinaRMP","Datastore Default","Jun 19, 2026","22 seconds","230.97 MB","?","2 hours","0 seconds","Disabled"
"VFDS_RHEL6.5_R15_INA-PROD_LB_54","OK","192.168.191.26","FDS-VREP-RMP-26","","1 of 1","Enabled","VR","Disabled","Enabled","Disabled","vsanmasinaRMP","Datastore Default","Jun 19, 2026","5 seconds","61.79 MB","58 minutes and 39 seconds","3 hours","0 seconds","Disabled"
"VFDS_RHEL6.5_R15_INA-PROD_LOCKMGR_56","OK","192.168.191.26","FDS-VREP-RMP-26","","1 of 1","Enabled","VR","Disabled","Enabled","Disabled","vsanmasinaRMP","Datastore Default","Jun 19, 2026","3 seconds","14.16 MB","?","3 hours","0 seconds","Disabled"
"VFDS_RHEL6.5_R16_BMAS-PROD_APP_53","OK","192.168.191.26","FDS-VREP-RMP-26","","16 of 16","Enabled","VR","Disabled","Enabled","Disabled","vsanmasinaRMP","Datastore Default","Jun 19, 2026","38 seconds","426.39 MB","2 minutes and 4 seconds","15 minutes","0 seconds","Disabled"
"VFDS_RHEL6.5_R16_BMAS-PROD_CBR_41","OK","192.168.191.26","FDS-VREP-RMP-26","","13 of 13","Enabled","VR","Disabled","Enabled","Disabled","vsanmasinaRMP","Datastore Default","Jun 19, 2026","2 minutes and 18 seconds","28.75 MB","1 minute and 19 seconds","1 hour","0 seconds","Disabled"
"VFDS_RHEL6.5_R16_BMAS-PROD_CHN_52","OK","192.168.191.26","FDS-VREP-RMP-26","","5 of 5","Enabled","VR","Disabled","Enabled","Disabled","vsanmasinaRMP","Datastore Default","Jun 19, 2026","13 seconds","89.96 MB","22 minutes and 51 seconds","1 hour","0 seconds","Disabled"
"VFDS_RHEL6.5_R16_BMAS-PROD_CHN_58","OK","192.168.191.26","FDS-VREP-RMP-26","","5 of 5","Enabled","VR","Disabled","Enabled","Disabled","vsanmasinaRMP","Datastore Default","Jun 19, 2026","2 minutes and 31 seconds","455.54 MB","31 minutes and 18 seconds","1 hour","0 seconds","Disabled"
"VFDS_RHEL6.5_R16_BMAS-PROD_CHN_60","OK","192.168.191.26","FDS-VREP-RMP-26","","5 of 5","Enabled","VR","Disabled","Enabled","Disabled","vsanmasinaRMP","Datastore Default","Jun 19, 2026","1 minutes","435.64 MB","17 minutes and 47 seconds","1 hour","0 seconds","Disabled"
"VFDS_RHEL6.5_R16_BMAS-PROD_LB_54","OK","192.168.191.26","FDS-VREP-RMP-26","","1 of 1","Enabled","VR","Disabled","Enabled","Disabled","vsanmasinaRMP","Datastore Default","Jun 19, 2026","2 seconds","18.86 MB","2 minutes and 3 seconds","1 hour","0 seconds","Disabled"
"VFDS_RHEL7.6_R16_BMAS-PROD_MIS_55","OK","192.168.191.26","FDS-VREP-RMP-26","","4 of 4","Enabled","VR","Disabled","Enabled","Disabled","vsanmasinaRMP","Datastore Default","Jun 19, 2026","7 seconds","9.04 MB","2 minutes and 16 seconds","1 hour","0 seconds","Disabled"
"VFDS_RHEL7.6_R18_CCBI-PROD_APP_165","OK","192.168.191.26","FDS-VREP-RMP-26","","10 of 10","Enabled","VR","Disabled","Enabled","Disabled","datastore_ccbi_rmp_2_ssd","Datastore Default","Jun 19, 2026","31 seconds","276.83 MB","1 minute and 56 seconds","15 minutes","0 seconds","Disabled"
"VFDS_RHEL7.6_R18_CCBI-PROD_CHN_167","OK","192.168.191.26","FDS-VREP-RMP-26","","2 of 2","Enabled","VR","Disabled","Enabled","Disabled","datastore_ccbi_rmp_2_ssd","Datastore Default","Jun 19, 2026","16 seconds","182.63 MB","29 minutes and 8 seconds","1 hour","0 seconds","Disabled"
"VFDS_RHEL7.6_R18_CCBI-PROD_CHN_170","OK","192.168.191.26","FDS-VREP-RMP-26","","2 of 2","Enabled","VR","Disabled","Enabled","Disabled","datastore_ccbi_rmp_2_ssd","Datastore Default","Jun 19, 2026","2 minutes and 1 second","89.45 MB","31 minutes and 11 seconds","1 hour","0 seconds","Disabled"
"VFDS_RHEL7.6_R18_CCBI-PROD_LB_171","OK","192.168.191.26","FDS-VREP-RMP-26","","1 of 1","Enabled","VR","Disabled","Enabled","Disabled","datastore_ccbi_rmp_1","Datastore Default","Jun 19, 2026","13 seconds","76.52 MB","17 minutes and 11 seconds","1 hour","0 seconds","Disabled"
"VFDS_RHEL7.6_R18_CCBI-PROD_SWF_169","OK","192.168.191.26","FDS-VREP-RMP-26","","1 of 1","Enabled","VR","Disabled","Enabled","Disabled","datastore_ccbi_rmp_1","Datastore Default","Jun 19, 2026","10 seconds","77.07 MB","19 minutes and 29 seconds","1 hour","0 seconds","Disabled"
"VFDS_RHEL7.6_R18_CCBI-PROD_WEB_166","OK","192.168.191.26","FDS-VREP-RMP-26","","2 of 2","Enabled","VR","Disabled","Enabled","Disabled","datastore_ccbi_rmp_1","Datastore Default","Jun 19, 2026","1 minute and 45 seconds","21.31 MB","6 minutes and 50 seconds","1 hour","0 seconds","Disabled"
"VFDS_RHEL8.4_R15_INA-PROD_APUPPT_57","OK","192.168.191.26","FDS-VREP-RMP-26","","3 of 3","Enabled","VR","Disabled","Enabled","Disabled","vsanmasinaRMP","Datastore Default","Jun 19, 2026","2 minutes and 4 seconds","7.8 MB","31 minutes and 18 seconds","3 hours","0 seconds","Disabled"
"VFDS_RHEL8.6_R16_BMAS-PROD_APUPPT_57","OK","192.168.191.26","FDS-VREP-RMP-26","","2 of 2","Enabled","VR","Disabled","Enabled","Disabled","vsanmasinaRMP","Datastore Default","Jun 19, 2026","9 seconds","43.55 MB","?","1 hour","0 seconds","Disabled"
"VJRS-KLAPUPPT-089","OK","192.168.191.26","FDS-VREP-RMP-26","","6 of 6","Enabled","VR","Disabled","Enabled","Disabled","vsanDatastore-RMP","Datastore Default","Jun 19, 2026","14 seconds","27.28 MB","35 minutes and 25 seconds","1 hour","0 seconds","Disabled"
"VJRS-KLFRDDTC-090","OK","192.168.191.26","FDS-VREP-RMP-26","","5 of 5","Enabled","VR","Disabled","Enabled","Disabled","vsanDatastore-RMP","Datastore Default","Jun 19, 2026","32 seconds","2.36 MB","23 minutes and 46 seconds","1 hour","0 seconds","Disabled"
"VJRS-KLREPORT-121","OK","192.168.191.26","FDS-VREP-RMP-26","","10 of 10","Enabled","VR","Disabled","Enabled","Disabled","vsanDatastore-RMP","Datastore Default","Jun 19, 2026","1 minute and 59 seconds","10.31 MB","22 minutes and 11 seconds","1 hour","0 seconds","Disabled"
"VPAC-BBNT-ADMIN-IBB","OK","192.168.191.26","FDS-VREP-RMP-26","","1 of 1","Enabled","VR","Disabled","Enabled","Disabled","vsanmasinaRMP","Datastore Default","Jun 19, 2026","1 second","5.53 MB","2 hours, 46 minutes and 35 seconds","8 hours","0 seconds","Disabled"
"VPAC-BBNT-ADMIN-IBMB","OK","192.168.191.26","FDS-VREP-RMP-26","","1 of 1","Enabled","VR","Disabled","Enabled","Disabled","vsanmasinaRMP","Datastore Default","Jun 19, 2026","2 seconds","11.5 MB","10 minutes and 54 seconds","8 hours","0 seconds","Disabled"
"VPAC-BBNT-APPS-IBB","OK","192.168.191.26","FDS-VREP-RMP-26","","1 of 1","Enabled","VR","Disabled","Enabled","Disabled","vsanmasinaRMP","Datastore Default","Jun 19, 2026","43 seconds","614.23 MB","26 minutes and 8 seconds","8 hours","0 seconds","Disabled"
"VPAC-BBNT-APPS-IBMB","OK","192.168.191.26","FDS-VREP-RMP-26","","1 of 1","Enabled","VR","Disabled","Enabled","Disabled","vsanmasinaRMP","Datastore Default","Jun 19, 2026","9 seconds","251.55 MB","46 minutes and 30 seconds","8 hours","0 seconds","Disabled"
"VPAC-BBNT-CTRLPLANE","OK","192.168.191.26","FDS-VREP-RMP-26","","1 of 1","Enabled","VR","Disabled","Enabled","Disabled","vsanmasinaRMP","Datastore Default","Jun 19, 2026","37 seconds","367.98 MB","2 minutes and 16 seconds","8 hours","0 seconds","Disabled"
"VPAC-BBNT-DBCACHE","OK","192.168.191.26","FDS-VREP-RMP-26","","1 of 1","Enabled","VR","Disabled","Enabled","Disabled","vsanmasinaRMP","Datastore Default","Jun 19, 2026","2 minutes and 2 seconds","9.85 MB","4 minutes and 14 seconds","8 hours","0 seconds","Disabled"
"VPAC-BBNT-DBPGSQL","Incremental Sync","192.168.191.26","FDS-VREP-RMP-26","","3 of 3","Enabled","VR","Disabled","Enabled","Disabled","vsanmasinaRMP","Datastore Default","Jun 19, 2026","3 seconds","11.88 MB","?","5 minutes","0 seconds","Disabled"
"VPAC-BBNT-DBPGSQL-SLAVE-DC","OK","192.168.191.26","FDS-VREP-RMP-26","","6 of 6","Enabled","VR","Disabled","Enabled","Disabled","vsanmasinaRMP","Datastore Default","Jun 19, 2026","33 seconds","829.95 MB","2 hours, 40 minutes and 51 seconds","8 hours","0 seconds","Disabled"
"VPAC-BBNT-ELK","OK","192.168.191.26","FDS-VREP-RMP-26","","4 of 4","Enabled","VR","Disabled","Enabled","Disabled","vsanmasinaRMP","Datastore Default","Jun 19, 2026","2 minutes and 10 seconds","2.97 GB","1 hour, 40 minutes and 26 seconds","8 hours","0 seconds","Disabled"
"VPAC-BBNT-FTPSRV","OK","192.168.191.26","FDS-VREP-RMP-26","","1 of 1","Enabled","VR","Disabled","Enabled","Disabled","vsanmasinaRMP","Datastore Default","Jun 19, 2026","5 seconds","52.81 MB","55 minutes and 48 seconds","8 hours","0 seconds","Disabled"
"VPAC-BBNT-MGATE","OK","192.168.191.26","FDS-VREP-RMP-26","","1 of 1","Enabled","VR","Disabled","Enabled","Disabled","vsanmasinaRMP","Datastore Default","Jun 19, 2026","10 seconds","187.98 MB","46 minutes and 48 seconds","8 hours","0 seconds","Disabled"
"VPAC-BBNT-MGATEPRXY","OK","192.168.191.26","FDS-VREP-RMP-26","","1 of 1","Enabled","VR","Disabled","Enabled","Disabled","vsanmasinaRMP","Datastore Default","Jun 19, 2026","1 second","5.44 MB","38 minutes and 1 second","8 hours","0 seconds","Disabled"
"VPAC-BBNT-SSLWEB","OK","192.168.191.26","FDS-VREP-RMP-26","","1 of 1","Enabled","VR","Disabled","Enabled","Disabled","vsanmasinaRMP","Datastore Default","Jun 19, 2026","4 seconds","50.2 MB","1 hour, 40 minutes and 44 seconds","8 hours","0 seconds","Disabled"
"VPAC-BBNT-SSLWEB-ADMIN","OK","192.168.191.26","FDS-VREP-RMP-26","","1 of 1","Enabled","VR","Disabled","Enabled","Disabled","vsanmasinaRMP","Datastore Default","Jun 19, 2026","2 seconds","4.55 MB","1 hour, 31 minutes and 32 seconds","8 hours","0 seconds","Disabled"
"VPAC-KLSL-ADMCOBLKPDSMSBNK-55","OK","192.168.191.26","FDS-VREP-RMP-26","","1 of 1","Enabled","VR","Disabled","Enabled","Disabled","vsanDatastore-RMP","Datastore Default","Jun 19, 2026","2 minutes and 5 seconds","344.79 MB","49 minutes and 2 seconds","8 hours","0 seconds","Disabled"
"VPAC-KLSL-ADMIBB-48","OK","192.168.191.26","FDS-VREP-RMP-26","","1 of 1","Enabled","VR","Disabled","Enabled","Disabled","vsanDatastore-RMP","Datastore Default","Jun 19, 2026","1 minute and 49 seconds","3.91 MB","1 hour, 7 minutes and 2 seconds","8 hours","0 seconds","Disabled"
"VPAC-KLSL-ADMIBMB-47","OK","192.168.191.26","FDS-VREP-RMP-26","","1 of 1","Enabled","VR","Disabled","Enabled","Disabled","vsanDatastore-RMP","Datastore Default","Jun 19, 2026","0 seconds","1.83 MB","1 hour, 56 minutes and 8 seconds","8 hours","0 seconds","Disabled"
"VPAC-KLSL-ADMLOSOPBNK-56","OK","192.168.191.26","FDS-VREP-RMP-26","","1 of 1","Enabled","VR","Disabled","Enabled","Disabled","vsanDatastore-RMP","Datastore Default","Jun 19, 2026","1 second","3.32 MB","55 minutes and 26 seconds","8 hours","0 seconds","Disabled"
"VPAC-KLSL-ADMSSL-10","OK","192.168.191.26","FDS-VREP-RMP-26","","1 of 1","Enabled","VR","Disabled","Enabled","Disabled","vsanDatastore-RMP","Datastore Default","Jun 19, 2026","1 second","10.55 MB","1 hour, 55 minutes and 51 seconds","8 hours","0 seconds","Disabled"
"VPAC-KLSL-ADMSSL-UAT-ATM-14","OK","192.168.191.26","FDS-VREP-RMP-26","","1 of 1","Enabled","VR","Disabled","Enabled","Disabled","vsanDatastore-RMP","Datastore Default","Jun 19, 2026","3 seconds","2.69 MB","3 hours, 32 minutes and 1 second","8 hours","0 seconds","Disabled"
"VPAC-KLSL-ADMWEBTLR-46","OK","192.168.191.26","FDS-VREP-RMP-26","","1 of 1","Enabled","VR","Disabled","Enabled","Disabled","vsanDatastore-RMP","Datastore Default","Jun 19, 2026","2 seconds","4.84 MB","1 hour, 4 minutes and 24 seconds","8 hours","0 seconds","Disabled"
"VPAC-KLSL-APPSSL-03","OK","192.168.191.26","FDS-VREP-RMP-26","","1 of 1","Enabled","VR","Disabled","Enabled","Disabled","vsanDatastore-RMP","Datastore Default","Jun 19, 2026","11 seconds","264.35 MB","2 hours, 37 minutes and 42 seconds","8 hours","0 seconds","Disabled"
"VPAC-KLSL-AROAPP-51","OK","192.168.191.26","FDS-VREP-RMP-26","","1 of 1","Enabled","VR","Disabled","Enabled","Disabled","vsanDatastore-RMP","Datastore Default","Jun 19, 2026","0 seconds","1.82 MB","55 minutes and 55 seconds","8 hours","0 seconds","Disabled"
"VPAC-KLSL-CMSAPP-49","OK","192.168.191.26","FDS-VREP-RMP-26","","1 of 1","Enabled","VR","Disabled","Enabled","Disabled","vsanDatastore-RMP","Datastore Default","Jun 19, 2026","2 seconds","3.06 MB","1 hour, 44 minutes and 6 seconds","8 hours","0 seconds","Disabled"
"VPAC-KLSL-CNTRLPLN-27","OK","192.168.191.26","FDS-VREP-RMP-26","","2 of 2","Enabled","VR","Disabled","Enabled","Disabled","vsanDatastore-RMP","Datastore Default","Jun 19, 2026","2 minutes and 23 seconds","580.04 MB","52 minutes and 39 seconds","8 hours","0 seconds","Disabled"
"VPAC-KLSL-COBAPP-50","OK","192.168.191.26","FDS-VREP-RMP-26","","1 of 1","Enabled","VR","Disabled","Enabled","Disabled","vsanDatastore-RMP","Datastore Default","Jun 19, 2026","1 second","3.07 MB","2 hours, 23 minutes and 1 second","8 hours","0 seconds","Disabled"
"VPAC-KLSL-DBCACHE-20","OK","192.168.191.26","FDS-VREP-RMP-26","","1 of 1","Enabled","VR","Disabled","Enabled","Disabled","vsanDatastore-RMP","Datastore Default","Jun 19, 2026","8 seconds","28.95 MB","?","5 minutes","0 seconds","Disabled"
"VPAC-KLSL-DBPGSQL-19","Incremental Sync (RPO Violation)","192.168.191.26","FDS-VREP-RMP-26","","6 of 6","Enabled","VR","Disabled","Enabled","Disabled","vsanDatastore-RMP","Datastore Default","Jun 19, 2026","8 minutes and 57 seconds","8.23 GB","7 minutes and 20 seconds","5 minutes","3 minutes","Disabled"
"VPAC-KLSL-DBPGSQL-SLAVE-21","Incremental Sync (RPO Violation)","192.168.191.26","FDS-VREP-RMP-26","","11 of 11","Enabled","VR","Disabled","Enabled","Disabled","vsanDatastore-RMP","Datastore Default","Jun 19, 2026","1 hour, 36 minutes and 44 seconds","133.8 GB","14 hours, 23 minutes and 14 seconds","5 minutes","14 hours and 16 minutes","Disabled"
"VPAC-KLSL-DNSSVR-11","OK","192.168.191.26","FDS-VREP-RMP-26","","1 of 1","Enabled","VR","Disabled","Enabled","Disabled","vsanDatastore-RMP","Datastore Default","Jun 19, 2026","1 second","4.06 MB","1 minute and 20 seconds","8 hours","0 seconds","Disabled"
"VPAC-KLSL-ELK-26","OK","192.168.191.26","FDS-VREP-RMP-26","","4 of 4","Enabled","VR","Disabled","Enabled","Disabled","vsanDatastore-RMP","Datastore Default","Jun 19, 2026","20 minutes and 31 seconds","29.46 GB","1 hour, 43 minutes and 47 seconds","8 hours","0 seconds","Disabled"
"VPAC-KLSL-FTPSVR-40","OK","192.168.191.26","FDS-VREP-RMP-26","","1 of 1","Enabled","VR","Disabled","Enabled","Disabled","vsanDatastore-RMP","Datastore Default","Jun 19, 2026","4 seconds","2.52 MB","1 hour, 28 minutes and 53 seconds","8 hours","0 seconds","Disabled"
"VPAC-KLSL-IACSSAPP-36","OK","192.168.191.26","FDS-VREP-RMP-26","","1 of 1","Enabled","VR","Disabled","Enabled","Disabled","vsanDatastore-RMP","Datastore Default","Jun 19, 2026","28 seconds","463.5 MB","3 hours, 17 minutes and 7 seconds","8 hours","0 seconds","Disabled"
"VPAC-KLSL-IBBVAAPP-43","OK","192.168.191.26","FDS-VREP-RMP-26","","1 of 1","Enabled","VR","Disabled","Enabled","Disabled","vsanDatastore-RMP","Datastore Default","Jun 19, 2026","42 seconds","692.04 MB","5 hours, 8 minutes and 2 seconds","8 hours","0 seconds","Disabled"
"VPAC-KLSL-IBMBAPP-42","OK","192.168.191.26","FDS-VREP-RMP-26","","1 of 1","Enabled","VR","Disabled","Enabled","Disabled","vsanDatastore-RMP","Datastore Default","Jun 19, 2026","2 minutes and 24 seconds","718.97 MB","51 seconds","8 hours","0 seconds","Disabled"
"VPAC-KLSL-LKPDAPP-44","OK","192.168.191.26","FDS-VREP-RMP-26","","1 of 1","Enabled","VR","Disabled","Enabled","Disabled","vsanDatastore-RMP","Datastore Default","Jun 19, 2026","3 seconds","33.15 MB","2 hours, 10 minutes and 40 seconds","8 hours","0 seconds","Disabled"
"VPAC-KLSL-LOSAPP-45","OK","192.168.191.26","FDS-VREP-RMP-26","","8 of 8","Enabled","VR","Disabled","Enabled","Disabled","vsanDatastore-RMP","Datastore Default","Jun 19, 2026","25 seconds","122.98 MB","1 hour, 20 minutes and 28 seconds","8 hours","0 seconds","Disabled"
"VPAC-KLSL-MGATE-35","OK","192.168.191.26","FDS-VREP-RMP-26","","1 of 1","Enabled","VR","Disabled","Enabled","Disabled","vsanDatastore-RMP","Datastore Default","Jun 19, 2026","2 minutes and 31 seconds","320.91 MB","2 hours, 28 minutes and 30 seconds","8 hours","0 seconds","Disabled"
"VPAC-KLSL-OOB-58","OK","192.168.191.26","FDS-VREP-RMP-26","","2 of 2","Enabled","VR","Disabled","Enabled","Disabled","vsanDatastore-RMP","Datastore Default","Jun 19, 2026","1 minute and 37 seconds","5.52 MB","2 hours, 15 minutes and 49 seconds","8 hours","0 seconds","Disabled"
"VPAC-KLSL-OPBNKAPP-53","OK","192.168.191.26","FDS-VREP-RMP-26","","1 of 1","Enabled","VR","Disabled","Enabled","Disabled","vsanDatastore-RMP","Datastore Default","Jun 19, 2026","2 seconds","4.45 MB","2 hours, 46 minutes and 29 seconds","8 hours","0 seconds","Disabled"
"VPAC-KLSL-OPBNKMDW-39","OK","192.168.191.26","FDS-VREP-RMP-26","","1 of 1","Enabled","VR","Disabled","Enabled","Disabled","vsanDatastore-RMP","Datastore Default","Jun 19, 2026","1 minute and 51 seconds","1.78 MB","3 hours, 46 minutes and 5 seconds","8 hours","0 seconds","Disabled"
"VPAC-KLSL-OPWSO-54","OK","192.168.191.26","FDS-VREP-RMP-26","","1 of 1","Enabled","VR","Disabled","Enabled","Disabled","vsanDatastore-RMP","Datastore Default","Jun 19, 2026","1 second","3.58 MB","1 hour, 13 minutes and 58 seconds","8 hours","0 seconds","Disabled"
"VPAC-KLSL-PINPAD-62","OK","192.168.191.26","FDS-VREP-RMP-26","","1 of 1","Enabled","VR","Disabled","Enabled","Disabled","vsanDatastore-RMP","Datastore Default","Jun 19, 2026","9 seconds","23.47 MB","4 hours, 26 minutes and 7 seconds","8 hours","0 seconds","Disabled"
"VPAC-KLSL-PRX-MGATE-13","OK","192.168.191.26","FDS-VREP-RMP-26","","1 of 1","Enabled","VR","Disabled","Enabled","Disabled","vsanDatastore-RMP","Datastore Default","Jun 19, 2026","1 second","5.57 MB","1 hour, 55 minutes and 41 seconds","8 hours","0 seconds","Disabled"
"VPAC-KLSL-PRXYSMTP-4","OK","192.168.191.26","FDS-VREP-RMP-26","","1 of 1","Enabled","VR","Disabled","Enabled","Disabled","vsanDatastore-RMP","Datastore Default","Jun 19, 2026","1 second","1.36 MB","3 hours, 55 minutes and 27 seconds","8 hours","0 seconds","Disabled"
"VPAC-KLSL-RECONAPP-52","OK","192.168.191.26","FDS-VREP-RMP-26","","2 of 2","Enabled","VR","Disabled","Enabled","Disabled","vsanDatastore-RMP","Datastore Default","Jun 19, 2026","1 minute and 49 seconds","4.8 MB","25 minutes and 3 seconds","8 hours","0 seconds","Disabled"
"VPAC-KLSL-SBSAPP-38","OK","192.168.191.26","FDS-VREP-RMP-26","","1 of 1","Enabled","VR","Disabled","Enabled","Disabled","vsanDatastore-RMP","Datastore Default","Jun 19, 2026","1 second","5.57 MB","1 hour, 22 minutes and 50 seconds","8 hours","0 seconds","Disabled"
"VPAC-KLSL-SNAP-OAPI-60","OK","192.168.191.26","FDS-VREP-RMP-26","","1 of 1","Enabled","VR","Disabled","Enabled","Disabled","vsanDatastore-RMP","Datastore Default","Jun 19, 2026","21 seconds","326.6 MB","1 hour, 7 minutes and 46 seconds","8 hours","0 seconds","Disabled"
"VPAC-KLSL-SNAP-WSO2-61","OK","192.168.191.26","FDS-VREP-RMP-26","","1 of 1","Enabled","VR","Disabled","Enabled","Disabled","vsanDatastore-RMP","Datastore Default","Jun 19, 2026","5 seconds","67.29 MB","2 hours, 40 minutes and 58 seconds","8 hours","0 seconds","Disabled"
"VPAC-KLSL-VCALL-SSL-59","OK","192.168.191.26","FDS-VREP-RMP-26","","1 of 1","Enabled","VR","Disabled","Enabled","Disabled","vsanDatastore-RMP","Datastore Default","Jun 19, 2026","2 seconds","6.69 MB","5 hours, 46 minutes and 55 seconds","8 hours","0 seconds","Disabled"
"VPAC-KLSL-ZBXSVR-12","OK","192.168.191.26","FDS-VREP-RMP-26","","2 of 2","Enabled","VR","Disabled","Enabled","Disabled","vsanDatastore-RMP","Datastore Default","Jun 19, 2026","38 seconds","724.55 MB","2 hours, 26 minutes and 2 seconds","8 hours","0 seconds","Disabled"
"VSMN-KLCBR-086","Incremental Sync","192.168.191.26","FDS-VREP-RMP-26","","23 of 23","Enabled","VR","Disabled","Enabled","Disabled","vsanDatastore-RMP","Datastore Default","Jun 19, 2026","2 minutes and 11 seconds","8.94 MB","43 minutes and 21 seconds","1 hour","0 seconds","Disabled"
"VSMN-KLMIS-084","OK","192.168.191.26","FDS-VREP-RMP-26","","14 of 14","Enabled","VR","Disabled","Enabled","Disabled","vsanDatastore-RMP","Datastore Default","Jun 19, 2026","7 seconds","7.13 MB","?","1 hour","0 seconds","Disabled"